Question,Question Url
How do we make Storybook 7.x/8.x work with a templating engine like Handlebars in 2024?,https://stackoverflow.com/questions/78870217/how-do-we-make-storybook-7-x-8-x-work-with-a-templating-engine-like-handlebars-i
How to find the list of jobs that a given program is being used in ? For a AS400 (i-series) system,https://stackoverflow.com/questions/78870216/how-to-find-the-list-of-jobs-that-a-given-program-is-being-used-in-for-a-as400
Can not deserialize bit field with System.Text.Json,https://stackoverflow.com/questions/78870214/can-not-deserialize-bit-field-with-system-text-json
Stop Sphinx from executing function in pytest mark?,https://stackoverflow.com/questions/78870211/stop-sphinx-from-executing-function-in-pytest-mark
getprocesscpuload() API Returning 0 when calculated at short intervals of 100ms,https://stackoverflow.com/questions/78870210/getprocesscpuload-api-returning-0-when-calculated-at-short-intervals-of-100ms
"How do I automate, configure, and manage environments for a Python time series analysis application on Azure Batch using Azure DevOps pipelines?",https://stackoverflow.com/questions/78870209/how-do-i-automate-configure-and-manage-environments-for-a-python-time-series-a
making sidebar and navbar responsive in mobile screens in react,https://stackoverflow.com/questions/78870208/making-sidebar-and-navbar-responsive-in-mobile-screens-in-react
"Despite using multi-threading for S3 uploads in Spring, why is the execution time still slow?",https://stackoverflow.com/questions/78870206/despite-using-multi-threading-for-s3-uploads-in-spring-why-is-the-execution-tim
Correction of a JSON String Field Inside a Column in SQL,https://stackoverflow.com/questions/78870202/correction-of-a-json-string-field-inside-a-column-in-sql
Zendesk App Framework - Google OAuth login,https://stackoverflow.com/questions/78870200/zendesk-app-framework-google-oauth-login
How to run the BasicAppiumNUnitSample?,https://stackoverflow.com/questions/78870199/how-to-run-the-basicappiumnunitsample
Conda package conflicts while exporting Tensorflow trained model into ONNX,https://stackoverflow.com/questions/78870194/conda-package-conflicts-while-exporting-tensorflow-trained-model-into-onnx
Python Binance Websocket API Failed With WinError 10060,https://stackoverflow.com/questions/78870192/python-binance-websocket-api-failed-with-winerror-10060
GKE Ingress Controller - Traffic Routing to Pods,https://stackoverflow.com/questions/78870191/gke-ingress-controller-traffic-routing-to-pods
Bootstrap theme breaking on page navigation or hot reload,https://stackoverflow.com/questions/78870185/bootstrap-theme-breaking-on-page-navigation-or-hot-reload
How do I implement TS code `connection.onLogs` monitoring in Rust?,https://stackoverflow.com/questions/78870184/how-do-i-implement-ts-code-connection-onlogs-monitoring-in-rust
Is there a way in Excel we can add some additional string to the existing column?,https://stackoverflow.com/questions/78870182/is-there-a-way-in-excel-we-can-add-some-additional-string-to-the-existing-column
Setting up openvswitch bridge between two local services,https://stackoverflow.com/questions/78870181/setting-up-openvswitch-bridge-between-two-local-services
How do I format my time in php as hh:mm 00:00 instead of hh:m 00:0? [duplicate],https://stackoverflow.com/questions/78870179/how-do-i-format-my-time-in-php-as-hhmm-0000-instead-of-hhm-000
How to Implement a Fixed Sidebar and Header in a Next.js Admin Panel with Conditional Rendering of Sidebar?,https://stackoverflow.com/questions/78870178/how-to-implement-a-fixed-sidebar-and-header-in-a-next-js-admin-panel-with-condit
Flutter Android apk build failed executing com.android.build.gradle.internal.tasks.R8Task$R8Runnable,https://stackoverflow.com/questions/78870177/flutter-android-apk-build-failed-executing-com-android-build-gradle-internal-tas
"Compile time complexity (i.e run time complexity of the compiler) of std::tuple_element<TupleType, N>",https://stackoverflow.com/questions/78870173/compile-time-complexity-i-e-run-time-complexity-of-the-compiler-of-stdtuple
Android 14 (API Level 34) Fatal Exception: java.lang.SecurityException One of RECEIVER_EXPORTED or RECEIVER_NOT_EXPORTED in .Net MAUI,https://stackoverflow.com/questions/78870172/android-14-api-level-34-fatal-exception-java-lang-securityexception-one-of-re
Cannot update column value in R data.table,https://stackoverflow.com/questions/78870170/cannot-update-column-value-in-r-data-table
Web animation API composite accumulate,https://stackoverflow.com/questions/78870167/web-animation-api-composite-accumulate
What are effective strategies for efficiently planning a software engineering project? [closed],https://stackoverflow.com/questions/78870163/what-are-effective-strategies-for-efficiently-planning-a-software-engineering-pr
Freeradius realms and users issue,https://stackoverflow.com/questions/78870161/freeradius-realms-and-users-issue
Initialise array of tuples of float arrays of known length,https://stackoverflow.com/questions/78870158/initialise-array-of-tuples-of-float-arrays-of-known-length
Is it possible to modify the Source Control section in VSCode?,https://stackoverflow.com/questions/78870157/is-it-possible-to-modify-the-source-control-section-in-vscode
Redis vector query return 0 result,https://stackoverflow.com/questions/78870156/redis-vector-query-return-0-result
"Mistakenly deleted Firebase project, now Google SSO doesn't work",https://stackoverflow.com/questions/78870154/mistakenly-deleted-firebase-project-now-google-sso-doesnt-work
Deployment and ticketing system best practices for multiple teams,https://stackoverflow.com/questions/78870152/deployment-and-ticketing-system-best-practices-for-multiple-teams
How can I unsearch and go back to original datatable in Flutter?,https://stackoverflow.com/questions/78870149/how-can-i-unsearch-and-go-back-to-original-datatable-in-flutter
How to Duplicate a SwiftData object,https://stackoverflow.com/questions/78870144/how-to-duplicate-a-swiftdata-object
How can I obtain a URL to share my react project built using EXPO,https://stackoverflow.com/questions/78870142/how-can-i-obtain-a-url-to-share-my-react-project-built-using-expo
Why can't I toggle my custom legends on or off in Plotly?,https://stackoverflow.com/questions/78870141/why-cant-i-toggle-my-custom-legends-on-or-off-in-plotly
LazyColumn causes ANRs with lots of data,https://stackoverflow.com/questions/78870139/lazycolumn-causes-anrs-with-lots-of-data
How to add a block device to a docker container,https://stackoverflow.com/questions/78870137/how-to-add-a-block-device-to-a-docker-container
Program uploading issue in ESP32-S3 in custom 4 layer PCB,https://stackoverflow.com/questions/78870134/program-uploading-issue-in-esp32-s3-in-custom-4-layer-pcb
"How to track position, angle or position is in Path or track letter drawing in Jetpack Compose?",https://stackoverflow.com/questions/78870132/how-to-track-position-angle-or-position-is-in-path-or-track-letter-drawing-in-j
ArgoCD different versions of the same application in different namespaces,https://stackoverflow.com/questions/78870131/argocd-different-versions-of-the-same-application-in-different-namespaces
Do I need to Standardize the Y variable when modelling?,https://stackoverflow.com/questions/78870125/do-i-need-to-standardize-the-y-variable-when-modelling
""".Required"" validation error is not showing up",https://stackoverflow.com/questions/78870123/required-validation-error-is-not-showing-up
Why is it impossible to convert a Min Heap to a Binary Search Tree (BST) in O(n) time?,https://stackoverflow.com/questions/78870121/why-is-it-impossible-to-convert-a-min-heap-to-a-binary-search-tree-bst-in-on
Can Multiple Azure function apps with same service bus name and one queue can be processed?,https://stackoverflow.com/questions/78870118/can-multiple-azure-function-apps-with-same-service-bus-name-and-one-queue-can-be
Auth) SPA allowed URLs not taking account port,https://stackoverflow.com/questions/78870116/auth-spa-allowed-urls-not-taking-account-port
18 errors when trying to insert data into an existing table,https://stackoverflow.com/questions/78870113/18-errors-when-trying-to-insert-data-into-an-existing-table
"Ollama, Llama3.1 70b running slow",https://stackoverflow.com/questions/78870110/ollama-llama3-1-70b-running-slow
Using https for internal FQDN for k8s,https://stackoverflow.com/questions/78870109/using-https-for-internal-fqdn-for-k8s
Using `TFRobertaForSequenceClassification` from `transformers` with `tensorflow.keras.Model`,https://stackoverflow.com/questions/78870106/using-tfrobertaforsequenceclassification-from-transformers-with-tensorflow
